rally,ball_round,time,frame_num,roundscore_A,roundscore_B,player,server,type,aroundhead,backhand,hit_height,hit_area,hit_x,hit_y,landing_height,landing_area,landing_x,landing_y,lose_reason,win_reason,getpoint_player,flaw,player_location_area,player_location_x,player_location_y,opponent_location_area,opponent_location_x,opponent_location_y,db
1,1.0,00:34:38,51952.0,1,0,A,1,發短球,,1.0,2.0,,,,,7.0,676.0,427.0,,,,,8.0,624.0,316.0,8.0,693.0,506.0,0
1,2.0,00:34:38,51969.0,1,0,B,2,放小球,,,2.0,7.0,676.0,427.0,,1.0,516.0,343.0,,,,,7.0,705.0,453.0,8.0,616.0,314.0,0
1,3.0,00:34:39,51989.0,1,0,A,2,挑球,,,2.0,1.0,516.0,343.0,,5.0,832.0,588.0,,,,,7.0,564.0,345.0,7.0,638.0,448.0,0
1,4.0,00:34:40,52023.0,1,0,B,2,點扣,,,1.0,5.0,832.0,588.0,,8.0,636.0,302.0,,,,,8.0,744.0,585.0,8.0,631.0,312.0,0
1,5.0,00:34:41,52037.0,1,0,A,2,擋小球,,,1.0,8.0,636.0,302.0,,7.0,564.0,451.0,,,,,8.0,619.0,316.0,8.0,765.0,578.0,0
1,6.0,00:34:42,52051.0,1,0,B,2,平球,,1.0,2.0,7.0,564.0,451.0,,8.0,696.0,331.0,,,,,8.0,604.0,480.0,8.0,595.0,309.0,0
1,7.0,00:34:42,52068.0,1,0,A,2,擋小球,,1.0,1.0,8.0,696.0,331.0,,7.0,628.0,400.0,,,,,8.0,650.0,324.0,8.0,667.0,511.0,0
1,8.0,00:34:43,52093.0,1,0,B,3,放小球,,1.0,2.0,7.0,628.0,400.0,2.0,7.0,609.0,396.0,掛網,對手掛網,A,,7.0,621.0,446.0,8.0,631.0,316.0,0
2,1.0,00:35:22,53065.0,2,0,A,1,發短球,,1.0,2.0,,,,,7.0,609.0,448.0,,,,,8.0,638.0,319.0,8.0,518.0,511.0,0
2,2.0,00:35:23,53079.0,2,0,B,2,推球,,,2.0,7.0,609.0,448.0,,5.0,525.0,307.0,,,,,7.0,564.0,441.0,8.0,626.0,314.0,0
3,1.0,00:35:43,53595.0,3,0,A,1,發短球,,1.0,2.0,,,,,7.0,684.0,415.0,,,,,8.0,619.0,314.0,8.0,700.0,508.0,0
3,2.0,00:35:44,53615.0,3,0,B,2,推球,,1.0,2.0,7.0,684.0,415.0,,4.0,741.0,266.0,,,,,8.0,720.0,460.0,8.0,621.0,314.0,0
3,3.0,00:35:45,53646.0,3,0,A,2,點扣,1.0,,1.0,4.0,741.0,266.0,,5.0,820.0,528.0,,,,,8.0,679.0,273.0,8.0,674.0,532.0,0
3,4.0,00:35:46,53658.0,3,0,B,2,擋小球,,,2.0,5.0,820.0,528.0,,2.0,758.0,336.0,,,,,8.0,722.0,528.0,8.0,696.0,280.0,0
3,5.0,00:35:47,53682.0,3,0,A,2,放小球,,1.0,2.0,2.0,758.0,336.0,,7.0,645.0,417.0,,,,,8.0,712.0,326.0,8.0,720.0,504.0,0
3,6.0,00:35:48,53703.0,3,0,B,2,挑球,,,2.0,7.0,645.0,417.0,,9.0,667.0,268.0,,,,,7.0,643.0,444.0,8.0,660.0,324.0,0
3,7.0,00:35:49,53730.0,3,0,A,2,殺球,1.0,,1.0,9.0,667.0,268.0,,6.0,482.0,511.0,,,,,9.0,669.0,264.0,8.0,664.0,528.0,0
3,8.0,00:35:49,53744.0,3,0,B,2,擋小球,,1.0,2.0,6.0,482.0,511.0,,5.0,520.0,321.0,,,,,8.0,674.0,511.0,9.0,650.0,271.0,0
3,9.0,00:35:50,53765.0,3,0,A,2,推球,,,2.0,5.0,520.0,321.0,,6.0,456.0,585.0,,,,,8.0,571.0,314.0,8.0,588.0,508.0,0
3,10.0,00:35:51,53795.0,3,0,B,2,長球,1.0,,1.0,6.0,456.0,585.0,,3.0,530.0,266.0,,,,,8.0,516.0,578.0,8.0,580.0,312.0,0
3,11.0,00:35:52,53823.0,3,0,A,2,殺球,,,1.0,3.0,530.0,266.0,,6.0,451.0,504.0,,,,,9.0,568.0,264.0,8.0,609.0,540.0,0
3,12.0,00:35:53,53835.0,3,0,B,2,擋小球,,1.0,2.0,6.0,451.0,504.0,,5.0,504.0,328.0,,,,,8.0,657.0,520.0,9.0,552.0,259.0,0
3,13.0,00:35:54,53859.0,3,0,A,2,挑球,,,2.0,5.0,504.0,328.0,,8.0,787.0,571.0,,,,,8.0,547.0,324.0,8.0,580.0,494.0,0
3,14.0,00:35:55,53884.0,3,0,B,3,殺球,,,1.0,8.0,787.0,571.0,2.0,7.0,554.0,393.0,掛網,對手掛網,A,,8.0,715.0,554.0,8.0,592.0,314.0,0
4,1.0,00:36:19,54477.0,3,1,A,1,未知球種,,,2.0,,,,,,,,,,,1.0,,,,,,,0
5,1.0,00:36:39,54983.0,3,2,B,1,發短球,,1.0,2.0,,,,,7.0,696.0,338.0,,,,,8.0,624.0,482.0,8.0,679.0,300.0,0
5,2.0,00:36:40,55017.0,3,2,A,2,放小球,,,2.0,7.0,696.0,338.0,,1.0,763.0,410.0,,,,,8.0,684.0,316.0,8.0,643.0,477.0,0
5,3.0,00:36:41,55035.0,3,2,B,2,放小球,,,2.0,1.0,763.0,410.0,,2.0,784.0,350.0,,,,,7.0,732.0,429.0,8.0,674.0,324.0,0
5,4.0,00:36:42,55059.0,3,2,A,2,挑球,,1.0,2.0,2.0,784.0,350.0,,3.0,876.0,602.0,,,,,7.0,724.0,340.0,7.0,705.0,451.0,0
5,5.0,00:36:43,55092.0,3,2,B,2,切球,,,1.0,3.0,876.0,602.0,,6.0,780.0,328.0,,,,,8.0,765.0,580.0,8.0,662.0,314.0,0
5,6.0,00:36:44,55115.0,3,2,A,2,挑球,,1.0,2.0,6.0,780.0,328.0,,3.0,856.0,597.0,,,,,8.0,736.0,324.0,8.0,760.0,576.0,0
5,7.0,00:36:46,55150.0,3,2,B,2,切球,,,1.0,3.0,856.0,597.0,,6.0,753.0,331.0,,,,,3.0,808.0,614.0,8.0,626.0,304.0,0
5,8.0,00:36:46,55169.0,3,2,A,2,放小球,,1.0,2.0,6.0,753.0,331.0,,1.0,765.0,405.0,,,,,8.0,722.0,324.0,8.0,734.0,554.0,0
5,9.0,00:36:47,55192.0,3,2,B,2,放小球,,,2.0,1.0,765.0,405.0,,2.0,753.0,336.0,,,,,7.0,748.0,432.0,8.0,684.0,321.0,0
5,10.0,00:36:48,55212.0,3,2,A,2,推球,,1.0,2.0,2.0,753.0,336.0,,5.0,876.0,590.0,,,,,8.0,698.0,333.0,7.0,712.0,439.0,0
5,11.0,00:36:49,55243.0,3,2,B,2,殺球,,,1.0,5.0,876.0,590.0,,8.0,669.0,300.0,,,,,8.0,772.0,568.0,8.0,664.0,316.0,0
5,12.0,00:36:50,55251.0,3,2,A,3,防守回抽,,1.0,2.0,8.0,669.0,300.0,,15.0,415.0,290.0,未過網,對手未過網,B,,8.0,626.0,309.0,3.0,892.0,612.0,0
6,1.0,00:37:14,55857.0,3,3,B,1,發短球,,1.0,2.0,,,,,7.0,756.0,422.0,,,,,8.0,604.0,321.0,8.0,652.0,482.0,0
6,2.0,00:37:14,55871.0,3,3,A,2,放小球,,,2.0,7.0,756.0,422.0,,7.0,650.0,360.0,,,,,7.0,715.0,439.0,8.0,640.0,331.0,0
6,3.0,00:37:15,55891.0,3,3,B,2,放小球,,1.0,2.0,7.0,650.0,360.0,,7.0,616.0,412.0,,,,,7.0,633.0,352.0,7.0,679.0,451.0,0
6,4.0,00:37:16,55912.0,3,3,A,2,挑球,,1.0,2.0,7.0,616.0,412.0,,9.0,645.0,264.0,,,,,7.0,648.0,439.0,7.0,624.0,336.0,0
6,5.0,00:37:18,55951.0,3,3,B,3,殺球,,,1.0,9.0,645.0,264.0,2.0,1.0,511.0,388.0,掛網,對手掛網,B,,9.0,655.0,268.0,8.0,643.0,504.0,0
7,1.0,00:37:44,56610.0,4,3,B,1,發短球,,1.0,2.0,,,,,7.0,684.0,340.0,,,,,8.0,624.0,487.0,8.0,684.0,295.0,0
7,2.0,00:37:45,56627.0,4,3,A,2,放小球,,,2.0,7.0,684.0,340.0,,1.0,796.0,412.0,,,,,8.0,691.0,326.0,8.0,650.0,480.0,0
7,3.0,00:37:45,56646.0,4,3,B,2,放小球,,,2.0,1.0,796.0,412.0,,7.0,688.0,343.0,,,,,7.0,760.0,448.0,8.0,662.0,324.0,0
7,4.0,00:37:46,56666.0,4,3,A,2,推球,,1.0,2.0,7.0,688.0,343.0,,3.0,823.0,609.0,,,,,8.0,664.0,331.0,7.0,679.0,456.0,0
7,5.0,00:37:48,56701.0,4,3,B,2,切球,,,1.0,3.0,823.0,609.0,,7.0,624.0,336.0,,,,,9.0,736.0,626.0,8.0,643.0,309.0,0
7,6.0,00:37:48,56720.0,4,3,A,2,放小球,,,2.0,7.0,624.0,336.0,,7.0,664.0,427.0,,,,,8.0,636.0,324.0,8.0,715.0,571.0,0
7,7.0,00:37:49,56739.0,4,3,B,2,放小球,,1.0,2.0,7.0,664.0,427.0,,2.0,756.0,343.0,,,,,7.0,696.0,446.0,8.0,633.0,321.0,0
7,8.0,00:37:50,56759.0,4,3,A,2,挑球,,1.0,2.0,2.0,756.0,343.0,,8.0,544.0,590.0,,,,,7.0,715.0,345.0,7.0,696.0,456.0,0
7,9.0,00:37:51,56792.0,4,3,B,2,長球,,,1.0,8.0,544.0,590.0,,4.0,736.0,259.0,,,,,8.0,549.0,583.0,8.0,616.0,302.0,0
7,10.0,00:37:52,56822.0,4,3,A,3,殺球,1.0,,1.0,4.0,736.0,259.0,,6.0,391.0,516.0,對手落地致勝,落地致勝,A,,9.0,681.0,259.0,8.0,660.0,523.0,0
8,1.0,00:38:38,57963.0,4,4,A,1,發短球,,1.0,2.0,,,,,7.0,708.0,434.0,,,,,8.0,628.0,319.0,8.0,693.0,508.0,0
8,2.0,00:38:39,57980.0,4,4,B,2,推球,,,2.0,7.0,708.0,434.0,,3.0,518.0,266.0,,,,,7.0,688.0,448.0,8.0,616.0,316.0,0
8,3.0,00:38:40,58007.0,4,4,A,2,後場抽平球,,,1.0,3.0,518.0,266.0,,6.0,453.0,511.0,,,,,3.0,540.0,259.0,8.0,624.0,492.0,0
8,4.0,00:38:40,58020.0,4,4,B,2,平球,,1.0,1.0,6.0,453.0,511.0,,7.0,580.0,336.0,,,,,8.0,633.0,511.0,5.0,537.0,273.0,0
8,5.0,00:38:41,58039.0,4,4,A,2,擋小球,,,1.0,7.0,580.0,336.0,,7.0,585.0,444.0,,,,,8.0,624.0,328.0,8.0,602.0,504.0,0
8,6.0,00:38:42,58059.0,4,4,B,2,挑球,,1.0,2.0,7.0,585.0,444.0,,4.0,748.0,268.0,,,,,7.0,636.0,453.0,8.0,643.0,307.0,0
8,7.0,00:38:43,58093.0,4,4,A,2,殺球,1.0,,1.0,4.0,748.0,268.0,,8.0,765.0,511.0,,,,,9.0,681.0,259.0,8.0,696.0,523.0,0
8,8.0,00:38:44,58103.0,4,4,B,2,防守回抽,,,1.0,8.0,765.0,511.0,,5.0,525.0,285.0,,,,,8.0,727.0,508.0,8.0,703.0,273.0,0
8,9.0,00:38:44,58122.0,4,4,A,2,擋小球,,,1.0,5.0,525.0,285.0,,2.0,448.0,405.0,,,,,8.0,621.0,288.0,8.0,616.0,496.0,0
8,10.0,00:38:45,58137.0,4,4,B,2,放小球,,1.0,2.0,2.0,448.0,405.0,,1.0,453.0,360.0,,,,,2.0,489.0,441.0,5.0,516.0,300.0,0
8,11.0,00:38:46,58165.0,4,4,A,3,勾球,,,2.0,1.0,453.0,360.0,,7.0,614.0,379.0,掛網,對手掛網,B,,1.0,492.0,362.0,7.0,513.0,420.0,0
9,1.0,00:39:05,58628.0,4,5,B,1,發短球,,1.0,2.0,,,,,8.0,537.0,331.0,,,,,8.0,640.0,482.0,8.0,573.0,300.0,0
9,2.0,00:39:05,58649.0,4,5,A,2,推球,,,2.0,8.0,537.0,331.0,,9.0,784.0,597.0,,,,,8.0,583.0,324.0,8.0,643.0,487.0,0
9,3.0,00:39:07,58678.0,4,5,B,2,殺球,,,1.0,9.0,784.0,597.0,,8.0,664.0,312.0,,,,,8.0,710.0,590.0,8.0,616.0,309.0,0
9,4.0,00:39:07,58691.0,4,5,A,2,擋小球,,1.0,2.0,8.0,664.0,312.0,,7.0,648.0,441.0,,,,,8.0,612.0,307.0,9.0,768.0,612.0,0
9,5.0,00:39:08,58713.0,4,5,B,2,放小球,,1.0,2.0,7.0,648.0,441.0,,1.0,520.0,336.0,,,,,8.0,669.0,472.0,8.0,640.0,309.0,0
9,6.0,00:39:09,58739.0,4,5,A,2,挑球,,,2.0,1.0,520.0,336.0,,9.0,760.0,604.0,,,,,7.0,566.0,336.0,8.0,624.0,477.0,0
9,7.0,00:39:10,58773.0,4,5,B,2,後場抽平球,,,1.0,9.0,760.0,604.0,,8.0,717.0,300.0,,,,,9.0,700.0,626.0,8.0,624.0,321.0,0
9,8.0,00:39:11,58788.0,4,5,A,2,平球,,1.0,1.0,8.0,717.0,300.0,,5.0,832.0,523.0,,,,,8.0,628.0,309.0,9.0,662.0,592.0,0
9,9.0,00:39:12,58801.0,4,5,B,2,推球,,,2.0,5.0,832.0,523.0,,6.0,784.0,297.0,,,,,8.0,724.0,501.0,8.0,684.0,319.0,0
9,10.0,00:39:12,58812.0,4,5,A,2,擋小球,,1.0,1.0,6.0,784.0,297.0,,1.0,794.0,424.0,,,,,8.0,686.0,321.0,8.0,768.0,506.0,0
9,11.0,00:39:13,58837.0,4,5,B,2,挑球,,,2.0,1.0,794.0,424.0,,9.0,693.0,271.0,,,,,1.0,784.0,456.0,8.0,715.0,302.0,0
9,12.0,00:39:14,58869.0,4,5,A,2,殺球,1.0,,1.0,9.0,693.0,271.0,,5.0,792.0,518.0,,,,,13.0,688.0,252.0,8.0,688.0,511.0,0
9,13.0,00:39:15,58882.0,4,5,B,2,擋小球,,,2.0,5.0,792.0,518.0,,6.0,748.0,331.0,,,,,8.0,712.0,530.0,8.0,662.0,273.0,0
9,14.0,00:39:16,58905.0,4,5,A,2,推球,,1.0,2.0,6.0,748.0,331.0,,8.0,480.0,578.0,,,,,7.0,708.0,336.0,8.0,696.0,508.0,0
9,15.0,00:39:17,58937.0,4,5,B,2,切球,1.0,,1.0,8.0,480.0,578.0,,6.0,756.0,333.0,,,,,8.0,492.0,576.0,8.0,590.0,302.0,0
9,16.0,00:39:18,58959.0,4,5,A,2,放小球,,1.0,2.0,6.0,756.0,333.0,,1.0,796.0,398.0,,,,,8.0,715.0,326.0,8.0,552.0,542.0,0
9,17.0,00:39:19,58980.0,4,5,B,2,放小球,,,2.0,1.0,796.0,398.0,,2.0,794.0,345.0,,,,,7.0,736.0,446.0,8.0,696.0,328.0,0
9,18.0,00:39:20,59004.0,4,5,A,3,挑球,,1.0,2.0,2.0,794.0,345.0,,13.0,780.0,652.0,出界,對手出界,B,,7.0,736.0,357.0,7.0,712.0,451.0,0
10,1.0,00:39:40,59523.0,5,5,B,1,發短球,,1.0,2.0,,,,,8.0,674.0,321.0,,,,,8.0,624.0,484.0,8.0,684.0,297.0,0
10,2.0,00:39:41,59543.0,5,5,A,2,推球,,,2.0,8.0,674.0,321.0,,5.0,861.0,588.0,,,,,8.0,674.0,324.0,8.0,652.0,477.0,0
10,3.0,00:39:42,59572.0,5,5,B,2,殺球,,,1.0,5.0,861.0,588.0,,5.0,530.0,292.0,,,,,8.0,739.0,568.0,8.0,648.0,309.0,0
10,4.0,00:39:43,59585.0,5,5,A,2,擋小球,,,2.0,5.0,530.0,292.0,,2.0,444.0,439.0,,,,,8.0,609.0,292.0,3.0,859.0,621.0,0
10,5.0,00:39:44,59613.0,5,5,B,2,推球,,1.0,2.0,2.0,444.0,439.0,,3.0,484.0,266.0,,,,,6.0,501.0,460.0,8.0,561.0,297.0,0
10,6.0,00:39:45,59635.0,5,5,A,2,殺球,,,1.0,3.0,484.0,266.0,2.0,6.0,424.0,528.0,,,,,5.0,535.0,273.0,8.0,580.0,508.0,0
10,7.0,00:39:45,59646.0,5,5,B,3,擋小球,,1.0,2.0,6.0,424.0,528.0,2.0,1.0,487.0,427.0,未過網,對手未過網,A,,8.0,642.0,525.0,3.0,481.0,270.0,0
11,1.0,00:40:17,60443.0,5,6,A,1,發短球,,1.0,2.0,,,,,7.0,552.0,439.0,,,,,8.0,636.0,319.0,8.0,520.0,504.0,0
11,2.0,00:40:18,60458.0,5,6,B,2,放小球,,1.0,2.0,7.0,552.0,439.0,,7.0,662.0,343.0,,,,,7.0,616.0,456.0,8.0,621.0,316.0,0
11,3.0,00:40:19,60476.0,5,6,A,2,放小球,,1.0,2.0,7.0,662.0,343.0,,7.0,631.0,415.0,,,,,7.0,640.0,338.0,8.0,648.0,460.0,0
11,4.0,00:40:19,60498.0,5,6,B,2,放小球,,,2.0,7.0,631.0,415.0,,1.0,492.0,360.0,,,,,7.0,640.0,434.0,8.0,636.0,331.0,0
11,5.0,00:40:20,60521.0,5,6,A,2,挑球,,,2.0,1.0,492.0,360.0,,8.0,756.0,564.0,,,,,1.0,523.0,350.0,7.0,595.0,453.0,0
11,6.0,00:40:22,60556.0,5,6,B,3,殺球,,,1.0,8.0,756.0,564.0,2.0,5.0,489.0,292.0,對手落地致勝,落地致勝,B,,8.0,727.0,566.0,8.0,614.0,304.0,0
12,1.0,00:40:43,61078.0,6,6,B,1,發短球,,1.0,2.0,,,,,7.0,616.0,343.0,,,,,8.0,638.0,482.0,8.0,578.0,302.0,0
12,2.0,00:40:43,61096.0,6,6,A,2,放小球,,,2.0,7.0,616.0,343.0,,7.0,729.0,427.0,,,,,8.0,604.0,331.0,8.0,645.0,482.0,0
12,3.0,00:40:44,61113.0,6,6,B,2,勾球,,,2.0,7.0,729.0,427.0,,1.0,516.0,360.0,,,,,7.0,710.0,444.0,8.0,614.0,333.0,0
12,4.0,00:40:45,61129.0,6,6,A,2,挑球,,,2.0,1.0,516.0,360.0,,9.0,780.0,604.0,,,,,7.0,566.0,350.0,7.0,674.0,453.0,0
12,5.0,00:40:46,61168.0,6,6,B,3,長球,,,1.0,9.0,780.0,604.0,2.0,13.0,744.0,242.0,出界,對手出界,A,,8.0,722.0,590.0,8.0,616.0,316.0,0
13,1.0,00:41:08,61718.0,7,6,A,1,發短球,,1.0,2.0,,,,,7.0,684.0,439.0,,,,,8.0,621.0,324.0,8.0,696.0,504.0,0
13,2.0,00:41:09,61734.0,7,6,B,2,放小球,,1.0,2.0,7.0,684.0,439.0,,2.0,763.0,336.0,,,,,7.0,722.0,441.0,8.0,624.0,314.0,0
13,3.0,00:41:10,61753.0,7,6,A,2,放小球,,1.0,2.0,2.0,763.0,336.0,,1.0,787.0,391.0,,,,,7.0,712.0,338.0,7.0,708.0,453.0,0
13,4.0,00:41:10,61772.0,7,6,B,2,推球,,,2.0,1.0,787.0,391.0,,3.0,530.0,268.0,,,,,1.0,768.0,417.0,7.0,693.0,338.0,0
13,5.0,00:41:11,61799.0,7,6,A,2,過度切球,,,1.0,3.0,530.0,268.0,,5.0,808.0,465.0,,,,,9.0,564.0,266.0,8.0,667.0,475.0,0
13,6.0,00:41:12,61817.0,7,6,B,2,平球,,,2.0,5.0,808.0,465.0,,6.0,746.0,292.0,,,,,8.0,736.0,482.0,9.0,583.0,271.0,0
13,7.0,00:41:13,61829.0,7,6,A,2,擋小球,,1.0,2.0,6.0,746.0,292.0,,1.0,804.0,422.0,,,,,8.0,686.0,300.0,8.0,756.0,489.0,0
13,8.0,00:41:13,61846.0,7,6,B,2,推球,,,2.0,1.0,804.0,422.0,,6.0,768.0,276.0,,,,,7.0,756.0,451.0,8.0,664.0,302.0,0
13,9.0,00:41:14,61858.0,7,6,A,2,後場抽平球,,1.0,1.0,6.0,768.0,276.0,,8.0,616.0,484.0,,,,,8.0,648.0,316.0,7.0,763.0,456.0,0
13,10.0,00:41:14,61868.0,7,6,B,3,平球,,1.0,1.0,8.0,616.0,484.0,2.0,14.0,446.0,266.0,出界,對手出界,A,,8.0,760.0,477.0,8.0,729.0,307.0,0
14,1.0,00:41:38,62470.0,7,7,A,1,發短球,,1.0,2.0,,,,,7.0,573.0,434.0,,,,,8.0,643.0,309.0,8.0,516.0,506.0,0
14,2.0,00:41:39,62484.0,7,7,B,2,勾球,,1.0,2.0,7.0,573.0,434.0,,2.0,756.0,345.0,,,,,7.0,600.0,448.0,8.0,621.0,309.0,0
14,3.0,00:41:40,62505.0,7,7,A,2,放小球,,1.0,2.0,2.0,756.0,345.0,,1.0,780.0,412.0,,,,,7.0,712.0,340.0,8.0,648.0,480.0,0
14,4.0,00:41:41,62527.0,7,7,B,2,放小球,,,2.0,1.0,780.0,412.0,,2.0,772.0,352.0,,,,,7.0,744.0,427.0,7.0,688.0,336.0,0
14,5.0,00:41:42,62550.0,7,7,A,2,挑球,,1.0,2.0,2.0,772.0,352.0,,9.0,612.0,619.0,,,,,7.0,729.0,357.0,7.0,720.0,439.0,0
14,6.0,00:41:43,62588.0,7,7,B,2,切球,1.0,,1.0,9.0,612.0,619.0,,1.0,504.0,336.0,,,,,9.0,583.0,609.0,8.0,609.0,304.0,0
14,7.0,00:41:44,62606.0,7,7,A,2,小平球,,,2.0,1.0,504.0,336.0,,7.0,590.0,451.0,,,,,8.0,537.0,314.0,9.0,583.0,595.0,0
14,8.0,00:41:45,62627.0,7,7,B,2,放小球,,1.0,2.0,7.0,590.0,451.0,,7.0,638.0,364.0,,,,,7.0,624.0,456.0,8.0,580.0,314.0,0
14,9.0,00:41:45,62649.0,7,7,A,2,挑球,,1.0,2.0,7.0,638.0,364.0,,8.0,499.0,583.0,,,,,7.0,626.0,350.0,8.0,638.0,460.0,0
14,10.0,00:41:47,62679.0,7,7,B,3,殺球,1.0,,1.0,8.0,499.0,583.0,2.0,6.0,780.0,297.0,對手落地致勝,落地致勝,B,,8.0,499.0,576.0,8.0,588.0,297.0,0
15,1.0,00:42:11,63279.0,8,7,B,1,發短球,,1.0,2.0,,,,,8.0,679.0,316.0,,,,,8.0,624.0,482.0,8.0,686.0,292.0,0
15,2.0,00:42:11,63298.0,8,7,A,2,小平球,,1.0,2.0,8.0,679.0,316.0,,7.0,588.0,451.0,,,,,8.0,643.0,312.0,8.0,650.0,484.0,0
15,3.0,00:42:12,63316.0,8,7,B,2,推球,,1.0,2.0,7.0,588.0,451.0,,4.0,741.0,264.0,,,,,7.0,660.0,448.0,8.0,645.0,321.0,0
15,4.0,00:42:13,63343.0,8,7,A,2,點扣,1.0,,1.0,4.0,741.0,264.0,,5.0,842.0,535.0,,,,,8.0,674.0,276.0,8.0,672.0,518.0,0
15,5.0,00:42:14,63355.0,8,7,B,2,擋小球,,,2.0,5.0,842.0,535.0,,2.0,780.0,343.0,,,,,8.0,732.0,532.0,9.0,684.0,264.0,0
15,6.0,00:42:15,63379.0,8,7,A,2,放小球,,1.0,2.0,2.0,780.0,343.0,,1.0,813.0,403.0,,,,,2.0,748.0,336.0,8.0,741.0,501.0,0
15,7.0,00:42:15,63396.0,8,7,B,2,放小球,,,2.0,1.0,813.0,403.0,,2.0,787.0,360.0,,,,,7.0,758.0,424.0,7.0,720.0,336.0,0
15,8.0,00:42:16,63417.0,8,7,A,2,放小球,,1.0,2.0,2.0,787.0,360.0,,1.0,763.0,415.0,,,,,7.0,739.0,338.0,7.0,739.0,432.0,0
15,9.0,00:42:17,63436.0,8,7,B,2,挑球,,,2.0,1.0,763.0,415.0,,9.0,724.0,261.0,,,,,7.0,722.0,424.0,7.0,712.0,343.0,0
15,10.0,00:42:19,63488.0,8,7,A,3,殺球,1.0,,1.0,9.0,724.0,261.0,,5.0,842.0,549.0,對手落地致勝,落地致勝,A,,9.0,710.0,264.0,8.0,703.0,516.0,0
16,1.0,00:42:48,64216.0,8,8,A,1,發短球,,1.0,2.0,,,,,7.0,688.0,388.0,,,,,8.0,619.0,319.0,8.0,696.0,504.0,0
17,1.0,00:43:06,64660.0,8,9,B,1,發短球,,1.0,2.0,,,,,1.0,472.0,343.0,,,,,8.0,638.0,475.0,8.0,576.0,304.0,0
17,2.0,00:43:07,64684.0,8,9,A,2,挑球,,,2.0,1.0,472.0,343.0,,9.0,796.0,597.0,,,,,5.0,520.0,331.0,8.0,616.0,477.0,0
17,3.0,00:43:08,64713.0,8,9,B,2,切球,,,1.0,9.0,796.0,597.0,,6.0,768.0,321.0,,,,,8.0,686.0,590.0,8.0,621.0,309.0,0
17,4.0,00:43:09,64732.0,8,9,A,2,放小球,,1.0,2.0,6.0,768.0,321.0,,1.0,784.0,446.0,,,,,8.0,708.0,326.0,8.0,736.0,568.0,0
17,5.0,00:43:10,64753.0,8,9,B,2,放小球,,,2.0,1.0,784.0,446.0,,6.0,784.0,326.0,,,,,7.0,734.0,441.0,8.0,676.0,312.0,0
17,6.0,00:43:10,64773.0,8,9,A,2,挑球,,1.0,2.0,6.0,784.0,326.0,,8.0,492.0,590.0,,,,,7.0,739.0,343.0,8.0,717.0,465.0,0
17,7.0,00:43:12,64807.0,8,9,B,2,殺球,1.0,,1.0,8.0,492.0,590.0,,8.0,652.0,307.0,,,,,9.0,525.0,592.0,8.0,600.0,302.0,0
17,8.0,00:43:12,64819.0,8,9,A,2,擋小球,,1.0,2.0,8.0,652.0,307.0,,7.0,624.0,429.0,,,,,8.0,580.0,302.0,8.0,544.0,580.0,0
17,9.0,00:43:13,64837.0,8,9,B,2,小平球,,,2.0,7.0,624.0,429.0,,7.0,532.0,338.0,,,,,8.0,580.0,460.0,8.0,616.0,309.0,0
17,10.0,00:43:14,64855.0,8,9,A,2,小平球,,,2.0,7.0,532.0,338.0,,7.0,609.0,448.0,,,,,8.0,566.0,328.0,8.0,592.0,465.0,0
17,11.0,00:43:14,64874.0,8,9,B,2,勾球,,,2.0,7.0,609.0,448.0,,1.0,444.0,364.0,,,,,7.0,614.0,444.0,8.0,583.0,324.0,0
17,12.0,00:43:15,64897.0,8,9,A,2,挑球,,,2.0,1.0,444.0,364.0,,4.0,381.0,609.0,,,,,1.0,504.0,360.0,8.0,559.0,470.0,0
17,13.0,00:43:17,64949.0,8,9,B,2,切球,1.0,,1.0,4.0,381.0,609.0,,1.0,487.0,338.0,,,,,4.0,388.0,612.0,8.0,573.0,307.0,0
17,14.0,00:43:18,64971.0,8,9,A,2,放小球,,,2.0,1.0,487.0,338.0,,2.0,468.0,427.0,,,,,5.0,520.0,328.0,6.0,482.0,561.0,0
17,15.0,00:43:19,64992.0,8,9,B,2,放小球,,1.0,2.0,2.0,468.0,427.0,,1.0,456.0,336.0,,,,,7.0,511.0,439.0,8.0,559.0,319.0,0
17,16.0,00:43:20,65016.0,8,9,A,2,挑球,,,2.0,1.0,456.0,336.0,,9.0,760.0,604.0,,,,,1.0,496.0,350.0,7.0,559.0,448.0,0
17,17.0,00:43:22,65056.0,8,9,B,2,殺球,,,1.0,9.0,760.0,604.0,,8.0,734.0,290.0,,,,,9.0,717.0,595.0,8.0,624.0,309.0,0
17,18.0,00:43:22,65065.0,8,9,A,2,擋小球,,1.0,2.0,8.0,734.0,290.0,,7.0,734.0,432.0,,,,,8.0,607.0,295.0,8.0,772.0,585.0,0
17,19.0,00:43:23,65087.0,8,9,B,3,推球,,,2.0,7.0,734.0,432.0,2.0,4.0,787.0,271.0,對手落地致勝,落地致勝,B,,7.0,700.0,432.0,8.0,636.0,302.0,0
18,1.0,00:43:57,65939.0,8,10,B,1,發短球,,1.0,2.0,,,,,7.0,660.0,336.0,,,,,8.0,616.0,484.0,8.0,681.0,295.0,0
18,2.0,00:43:58,65957.0,8,10,A,2,放小球,,,2.0,7.0,660.0,336.0,,1.0,816.0,420.0,,,,,8.0,686.0,331.0,8.0,648.0,475.0,0
18,3.0,00:43:59,65975.0,8,10,B,2,放小球,,,2.0,1.0,816.0,420.0,,2.0,765.0,336.0,,,,,7.0,741.0,446.0,8.0,657.0,321.0,0
18,4.0,00:43:59,65997.0,8,10,A,2,挑球,,1.0,2.0,2.0,765.0,336.0,,3.0,897.0,612.0,,,,,7.0,720.0,343.0,7.0,732.0,441.0,0
18,5.0,00:44:01,66031.0,8,10,B,2,長球,,,1.0,3.0,897.0,612.0,,8.0,580.0,288.0,,,,,3.0,844.0,612.0,8.0,669.0,307.0,0
18,6.0,00:44:02,66050.0,8,10,A,2,切球,,,1.0,8.0,580.0,288.0,,1.0,765.0,415.0,,,,,8.0,624.0,297.0,8.0,727.0,576.0,0
18,7.0,00:44:02,66071.0,8,10,B,2,放小球,,,2.0,1.0,765.0,415.0,,2.0,770.0,336.0,,,,,7.0,715.0,451.0,8.0,556.0,297.0,0
18,8.0,00:44:03,66094.0,8,10,A,2,放小球,,1.0,2.0,2.0,770.0,336.0,,1.0,792.0,405.0,,,,,7.0,732.0,340.0,8.0,684.0,477.0,0
18,9.0,00:44:04,66116.0,8,10,B,2,挑球,,,2.0,1.0,792.0,405.0,,9.0,554.0,266.0,,,,,1.0,763.0,422.0,7.0,698.0,340.0,0
18,10.0,00:44:06,66157.0,8,10,A,2,殺球,,,1.0,9.0,554.0,266.0,,6.0,439.0,506.0,,,,,9.0,592.0,264.0,8.0,652.0,504.0,0
18,11.0,00:44:06,66169.0,8,10,B,2,擋小球,,1.0,2.0,6.0,439.0,506.0,,1.0,472.0,343.0,,,,,8.0,693.0,513.0,13.0,566.0,252.0,0
18,12.0,00:44:07,66194.0,8,10,A,2,撲球,,,1.0,1.0,472.0,343.0,,8.0,585.0,523.0,,,,,1.0,501.0,338.0,8.0,540.0,513.0,0
18,13.0,00:44:08,66204.0,8,10,B,2,防守回抽,,1.0,2.0,8.0,585.0,523.0,,8.0,669.0,304.0,,,,,8.0,614.0,537.0,1.0,496.0,345.0,0
18,14.0,00:44:08,66223.0,8,10,A,2,切球,,1.0,1.0,8.0,669.0,304.0,,1.0,772.0,422.0,,,,,8.0,643.0,309.0,8.0,700.0,518.0,0
18,15.0,00:44:09,66242.0,8,10,B,2,放小球,,,2.0,1.0,772.0,422.0,,2.0,787.0,348.0,,,,,7.0,751.0,439.0,8.0,676.0,307.0,0
18,16.0,00:44:10,66264.0,8,10,A,2,放小球,,1.0,2.0,2.0,787.0,348.0,,1.0,806.0,391.0,,,,,2.0,753.0,355.0,7.0,732.0,446.0,0
18,17.0,00:44:11,66277.0,8,10,B,3,撲球,,,1.0,1.0,806.0,391.0,2.0,8.0,664.0,309.0,對手落地致勝,落地致勝,B,,7.0,732.0,441.0,7.0,712.0,343.0,0
19,1.0,00:45:31,68275.0,9,10,B,1,未知球種,,,2.0,,,,,,,,,,,1.0,,,,,,,0
20,1.0,00:46:17,69432.0,9,11,A,1,發短球,,1.0,2.0,,,,,7.0,556.0,427.0,,,,,8.0,638.0,314.0,8.0,525.0,499.0,0
20,2.0,00:46:17,69444.0,9,11,B,2,勾球,,1.0,2.0,7.0,556.0,427.0,,7.0,736.0,345.0,,,,,7.0,595.0,448.0,8.0,628.0,316.0,0
20,3.0,00:46:18,69462.0,9,11,A,2,挑球,,1.0,2.0,7.0,736.0,345.0,,4.0,463.0,609.0,,,,,7.0,693.0,345.0,8.0,657.0,475.0,0
20,4.0,00:46:19,69490.0,9,11,B,2,點扣,1.0,,1.0,4.0,463.0,609.0,,8.0,686.0,307.0,,,,,8.0,530.0,585.0,8.0,597.0,307.0,0
20,5.0,00:46:20,69506.0,9,11,A,2,擋小球,,1.0,2.0,8.0,686.0,307.0,,7.0,616.0,439.0,,,,,8.0,616.0,297.0,9.0,528.0,595.0,0
20,6.0,00:46:21,69529.0,9,11,B,2,放小球,,,2.0,7.0,616.0,439.0,,1.0,513.0,348.0,,,,,8.0,600.0,460.0,8.0,628.0,314.0,0
20,7.0,00:46:22,69553.0,9,11,A,3,放小球,,,2.0,1.0,513.0,348.0,,7.0,537.0,372.0,掛網,對手掛網,B,,7.0,542.0,343.0,8.0,621.0,496.0,0
21,1.0,00:47:54,71859.0,9,12,B,1,發短球,,1.0,2.0,,,,,7.0,667.0,343.0,,,,,8.0,624.0,484.0,8.0,684.0,300.0,0
21,2.0,00:47:55,71884.0,9,12,A,2,放小球,,,2.0,7.0,667.0,343.0,,7.0,736.0,439.0,,,,,8.0,691.0,331.0,8.0,648.0,492.0,0
21,3.0,00:47:56,71903.0,9,12,B,2,放小球,,,2.0,7.0,736.0,439.0,,7.0,648.0,350.0,,,,,7.0,741.0,448.0,8.0,676.0,324.0,0
21,4.0,00:47:57,71928.0,9,12,A,2,挑球,,1.0,2.0,7.0,648.0,350.0,,3.0,840.0,612.0,,,,,7.0,640.0,340.0,7.0,686.0,451.0,0
21,5.0,00:47:58,71962.0,9,12,B,2,後場抽平球,,,1.0,3.0,840.0,612.0,,6.0,748.0,302.0,,,,,9.0,770.0,626.0,8.0,636.0,316.0,0
21,6.0,00:47:58,71972.0,9,12,A,2,擋小球,,1.0,1.0,6.0,748.0,302.0,,1.0,796.0,434.0,,,,,8.0,626.0,312.0,9.0,760.0,612.0,0
21,7.0,00:47:59,71993.0,9,12,B,2,放小球,,,2.0,1.0,796.0,434.0,,2.0,782.0,343.0,,,,,8.0,768.0,460.0,8.0,676.0,309.0,0
21,8.0,00:48:00,72016.0,9,12,A,2,推球,,1.0,2.0,2.0,782.0,343.0,,3.0,878.0,614.0,,,,,2.0,748.0,343.0,8.0,710.0,482.0,0
21,9.0,00:48:02,72050.0,9,12,B,2,過度切球,,,1.0,3.0,878.0,614.0,,1.0,508.0,338.0,,,,,9.0,804.0,621.0,8.0,638.0,302.0,0
21,10.0,00:48:02,72069.0,9,12,A,2,放小球,,,2.0,1.0,508.0,338.0,,2.0,465.0,432.0,,,,,8.0,549.0,326.0,8.0,715.0,564.0,0
21,11.0,00:48:03,72093.0,9,12,B,2,挑球,,1.0,2.0,2.0,465.0,432.0,,3.0,484.0,266.0,,,,,2.0,496.0,427.0,8.0,561.0,328.0,0
21,12.0,00:48:05,72131.0,9,12,A,2,過度切球,,,1.0,3.0,484.0,266.0,,6.0,441.0,460.0,,,,,3.0,508.0,256.0,8.0,600.0,518.0,0
21,13.0,00:48:05,72147.0,9,12,B,2,小平球,,1.0,2.0,6.0,441.0,460.0,,5.0,492.0,324.0,,,,,6.0,492.0,484.0,3.0,540.0,259.0,0
21,14.0,00:48:06,72167.0,9,12,A,2,推球,,,2.0,5.0,492.0,324.0,,5.0,804.0,564.0,,,,,5.0,528.0,328.0,8.0,542.0,475.0,0
21,15.0,00:48:07,72197.0,9,12,B,2,點扣,,,1.0,5.0,804.0,564.0,,6.0,739.0,295.0,,,,,8.0,777.0,571.0,8.0,607.0,312.0,0
21,16.0,00:48:08,72204.0,9,12,A,3,擋小球,,1.0,2.0,6.0,739.0,295.0,,11.0,832.0,328.0,未過網,對手未過網,B,,8.0,607.0,295.0,8.0,789.0,585.0,0
22,1.0,00:48:28,72718.0,9,13,B,1,發短球,,1.0,2.0,,,,,8.0,571.0,331.0,,,,,8.0,640.0,475.0,8.0,576.0,295.0,0
22,2.0,00:48:29,72736.0,9,13,A,2,放小球,,,2.0,8.0,571.0,331.0,,7.0,732.0,422.0,,,,,8.0,595.0,324.0,8.0,650.0,477.0,0
22,3.0,00:48:30,72754.0,9,13,B,2,放小球,,,2.0,7.0,732.0,422.0,,7.0,655.0,345.0,,,,,7.0,700.0,429.0,8.0,616.0,328.0,0
22,4.0,00:48:31,72775.0,9,13,A,2,挑球,,1.0,2.0,7.0,655.0,345.0,,3.0,856.0,592.0,,,,,8.0,640.0,333.0,7.0,672.0,448.0,0
22,5.0,00:48:32,72809.0,9,13,B,2,點扣,,,1.0,3.0,856.0,592.0,,6.0,746.0,283.0,,,,,8.0,768.0,588.0,8.0,633.0,309.0,0
22,6.0,00:48:32,72818.0,9,13,A,2,擋小球,,1.0,2.0,6.0,746.0,283.0,,1.0,777.0,441.0,,,,,8.0,602.0,304.0,13.0,866.0,650.0,0
22,7.0,00:48:33,72842.0,9,13,B,2,推球,,,2.0,1.0,777.0,441.0,,5.0,525.0,276.0,,,,,8.0,722.0,463.0,8.0,652.0,302.0,0
22,8.0,00:48:34,72872.0,9,13,A,2,點扣,,,1.0,5.0,525.0,276.0,,6.0,391.0,547.0,,,,,9.0,554.0,266.0,8.0,667.0,504.0,0
22,9.0,00:48:35,72886.0,9,13,B,2,擋小球,,1.0,2.0,6.0,391.0,547.0,,1.0,460.0,352.0,,,,,8.0,624.0,525.0,8.0,566.0,278.0,0
22,10.0,00:48:36,72907.0,9,13,A,2,放小球,,,2.0,1.0,460.0,352.0,,2.0,456.0,400.0,,,,,1.0,504.0,340.0,8.0,511.0,513.0,0
22,11.0,00:48:37,72931.0,9,13,B,2,挑球,,1.0,2.0,2.0,456.0,400.0,,9.0,667.0,259.0,,,,,2.0,499.0,434.0,8.0,549.0,333.0,0
22,12.0,00:48:38,72970.0,9,13,A,2,殺球,1.0,,1.0,9.0,667.0,259.0,,5.0,784.0,506.0,,,,,9.0,655.0,266.0,8.0,664.0,508.0,0
22,13.0,00:48:39,72981.0,9,13,B,2,擋小球,,,2.0,5.0,784.0,506.0,,8.0,643.0,328.0,,,,,8.0,696.0,520.0,9.0,660.0,268.0,0
22,14.0,00:48:39,72999.0,9,13,A,2,放小球,,,2.0,8.0,643.0,328.0,,7.0,650.0,412.0,,,,,8.0,674.0,307.0,8.0,679.0,506.0,0
22,15.0,00:48:40,73024.0,9,13,B,2,勾球,,1.0,2.0,7.0,650.0,412.0,,2.0,780.0,340.0,,,,,7.0,686.0,453.0,8.0,643.0,326.0,0
22,16.0,00:48:41,73042.0,9,13,A,2,放小球,,1.0,2.0,2.0,780.0,340.0,,1.0,808.0,405.0,,,,,7.0,720.0,343.0,8.0,691.0,460.0,0
22,17.0,00:48:42,73068.0,9,13,B,2,挑球,,,2.0,1.0,808.0,405.0,,4.0,748.0,259.0,,,,,7.0,756.0,427.0,7.0,708.0,336.0,0
22,18.0,00:48:44,73117.0,9,13,A,2,過度切球,1.0,,1.0,4.0,748.0,259.0,,1.0,772.0,434.0,,,,,9.0,698.0,264.0,8.0,698.0,499.0,0
22,19.0,00:48:45,73138.0,9,13,B,2,勾球,,,2.0,1.0,772.0,434.0,,1.0,496.0,343.0,,,,,8.0,748.0,468.0,8.0,681.0,273.0,0
22,20.0,00:48:46,73158.0,9,13,A,2,挑球,,,2.0,1.0,496.0,343.0,,9.0,772.0,619.0,,,,,7.0,549.0,336.0,8.0,662.0,482.0,0
22,21.0,00:48:47,73195.0,9,13,B,2,切球,,,1.0,9.0,772.0,619.0,,6.0,775.0,331.0,,,,,9.0,724.0,614.0,8.0,609.0,302.0,0
22,22.0,00:48:48,73213.0,9,13,A,2,勾球,,1.0,2.0,6.0,775.0,331.0,,7.0,523.0,410.0,,,,,8.0,734.0,321.0,8.0,710.0,576.0,0
22,23.0,00:48:49,73236.0,9,13,B,2,放小球,,1.0,2.0,7.0,523.0,410.0,,1.0,492.0,364.0,,,,,7.0,552.0,439.0,8.0,636.0,316.0,0
22,24.0,00:48:50,73254.0,9,13,A,3,撲球,,,1.0,1.0,492.0,364.0,,1.0,487.0,384.0,掛網,對手掛網,B,,1.0,518.0,360.0,7.0,540.0,439.0,0
23,1.0,00:49:21,74033.0,10,13,B,1,發短球,,1.0,2.0,,,,,8.0,667.0,326.0,,,,,8.0,619.0,480.0,8.0,679.0,295.0,0
23,2.0,00:49:22,74050.0,10,13,A,2,推球,,,2.0,8.0,667.0,326.0,,8.0,780.0,542.0,,,,,8.0,691.0,328.0,8.0,652.0,489.0,0
23,3.0,00:49:22,74072.0,10,13,B,2,殺球,,,1.0,8.0,780.0,542.0,,6.0,746.0,278.0,,,,,8.0,712.0,537.0,8.0,660.0,312.0,0
23,4.0,00:49:23,74082.0,10,13,A,2,勾球,,1.0,2.0,6.0,746.0,278.0,,6.0,436.0,468.0,,,,,8.0,638.0,292.0,8.0,780.0,549.0,0
23,5.0,00:49:24,74112.0,10,13,B,3,挑球,,1.0,2.0,6.0,436.0,468.0,2.0,15.0,422.0,280.0,出界,對手出界,A,,8.0,516.0,482.0,8.0,636.0,280.0,0
24,1.0,00:49:44,74608.0,11,13,A,1,發短球,,1.0,2.0,,,,,7.0,703.0,432.0,,,,,8.0,619.0,307.0,8.0,698.0,506.0,0
24,2.0,00:49:45,74628.0,11,13,B,2,放小球,,1.0,2.0,7.0,703.0,432.0,,2.0,780.0,352.0,,,,,7.0,708.0,446.0,8.0,626.0,309.0,0
24,3.0,00:49:46,74650.0,11,13,A,2,挑球,,1.0,2.0,2.0,780.0,352.0,,9.0,537.0,597.0,,,,,7.0,717.0,340.0,7.0,700.0,453.0,0
24,4.0,00:49:47,74685.0,11,13,B,2,長球,1.0,,1.0,9.0,537.0,597.0,,3.0,511.0,268.0,,,,,8.0,573.0,585.0,8.0,602.0,309.0,0
24,5.0,00:49:48,74714.0,11,13,A,2,點扣,,,1.0,3.0,511.0,268.0,,6.0,427.0,506.0,,,,,3.0,537.0,259.0,8.0,595.0,532.0,0
24,6.0,00:49:49,74728.0,11,13,B,2,擋小球,,1.0,2.0,6.0,427.0,506.0,,1.0,487.0,338.0,,,,,8.0,624.0,506.0,9.0,547.0,271.0,0
24,7.0,00:49:50,74751.0,11,13,A,2,推球,,,2.0,1.0,487.0,338.0,,3.0,837.0,604.0,,,,,5.0,523.0,328.0,8.0,564.0,484.0,0
24,8.0,00:49:51,74783.0,11,13,B,2,過度切球,,,1.0,3.0,837.0,604.0,,1.0,489.0,336.0,,,,,9.0,768.0,607.0,8.0,612.0,309.0,0
24,9.0,00:49:52,74807.0,11,13,A,2,放小球,,,2.0,1.0,489.0,336.0,,2.0,446.0,417.0,,,,,5.0,516.0,331.0,8.0,643.0,518.0,0
24,10.0,00:49:53,74828.0,11,13,B,3,勾球,,1.0,2.0,2.0,446.0,417.0,2.0,7.0,688.0,403.0,掛網,對手掛網,A,,2.0,484.0,436.0,8.0,547.0,331.0,0
25,1.0,00:50:18,75455.0,11,14,A,1,發短球,,1.0,2.0,,,,,7.0,602.0,451.0,,,,,8.0,643.0,321.0,8.0,523.0,511.0,0
25,2.0,00:50:18,75470.0,11,14,B,2,推球,,1.0,2.0,7.0,602.0,451.0,,4.0,748.0,266.0,,,,,7.0,640.0,456.0,8.0,619.0,328.0,0
25,3.0,00:50:19,75498.0,11,14,A,2,殺球,1.0,,1.0,4.0,748.0,266.0,,8.0,638.0,480.0,,,,,8.0,672.0,273.0,8.0,688.0,513.0,0
25,4.0,00:50:20,75509.0,11,14,B,2,擋小球,,1.0,2.0,8.0,638.0,480.0,,8.0,619.0,316.0,,,,,8.0,729.0,543.0,8.0,689.0,274.0,0
25,5.0,00:50:21,75530.0,11,14,A,2,放小球,,,1.0,8.0,619.0,316.0,,7.0,624.0,432.0,,,,,8.0,648.0,316.0,8.0,662.0,501.0,0
25,6.0,00:50:21,75547.0,11,14,B,2,平球,,1.0,2.0,7.0,624.0,432.0,,8.0,688.0,307.0,,,,,7.0,669.0,436.0,8.0,628.0,326.0,0
25,7.0,00:50:22,75552.0,11,14,A,2,防守回抽,1.0,,1.0,8.0,688.0,307.0,,8.0,756.0,460.0,,,,,8.0,636.0,324.0,7.0,669.0,427.0,0
25,8.0,00:50:22,75562.0,11,14,B,2,小平球,,,2.0,8.0,756.0,460.0,,6.0,756.0,321.0,,,,,7.0,679.0,446.0,8.0,638.0,316.0,0
25,9.0,00:50:23,75576.0,11,14,A,2,放小球,,1.0,2.0,6.0,756.0,321.0,,1.0,806.0,429.0,,,,,8.0,705.0,321.0,8.0,660.0,511.0,0
25,10.0,00:50:23,75597.0,11,14,B,2,挑球,,,2.0,1.0,806.0,429.0,,4.0,772.0,261.0,,,,,1.0,775.0,458.0,8.0,681.0,302.0,0
25,11.0,00:50:25,75630.0,11,14,A,2,殺球,1.0,,1.0,4.0,772.0,261.0,,6.0,451.0,477.0,,,,,8.0,693.0,278.0,8.0,717.0,523.0,0
25,12.0,00:50:25,75645.0,11,14,B,2,擋小球,,1.0,2.0,6.0,451.0,477.0,,1.0,504.0,338.0,,,,,8.0,664.0,506.0,8.0,717.0,273.0,0
25,13.0,00:50:26,75672.0,11,14,A,2,推球,,,2.0,1.0,504.0,338.0,,8.0,770.0,583.0,,,,,7.0,537.0,343.0,8.0,513.0,470.0,0
25,14.0,00:50:27,75697.0,11,14,B,2,後場抽平球,,,1.0,8.0,770.0,583.0,,6.0,748.0,283.0,,,,,8.0,686.0,576.0,8.0,592.0,316.0,0
25,15.0,00:50:28,75709.0,11,14,A,2,過度切球,,1.0,1.0,6.0,748.0,283.0,,1.0,808.0,422.0,,,,,8.0,624.0,307.0,8.0,688.0,566.0,0
25,16.0,00:50:29,75730.0,11,14,B,2,放小球,,,2.0,1.0,808.0,422.0,,2.0,806.0,352.0,,,,,1.0,770.0,451.0,8.0,703.0,307.0,0
25,17.0,00:50:30,75752.0,11,14,A,2,挑球,,1.0,2.0,2.0,806.0,352.0,,4.0,432.0,595.0,,,,,2.0,760.0,350.0,8.0,724.0,468.0,0
25,18.0,00:50:31,75789.0,11,14,B,2,長球,,1.0,1.0,4.0,432.0,595.0,,3.0,525.0,264.0,,,,,9.0,477.0,595.0,8.0,614.0,309.0,0
25,19.0,00:50:32,75816.0,11,14,A,2,殺球,,,1.0,3.0,525.0,264.0,,5.0,813.0,511.0,,,,,9.0,556.0,261.0,8.0,614.0,530.0,0
25,20.0,00:50:33,75828.0,11,14,B,3,擋小球,,,2.0,5.0,813.0,511.0,2.0,2.0,813.0,350.0,對手落地致勝,落地致勝,B,,8.0,669.0,518.0,3.0,525.0,271.0,0
26,1.0,00:51:24,77104.0,12,14,B,1,發短球,,1.0,2.0,,,,,7.0,600.0,340.0,,,,,8.0,645.0,484.0,8.0,578.0,295.0,0
26,2.0,00:51:24,77121.0,12,14,A,2,放小球,,,2.0,7.0,600.0,340.0,,1.0,763.0,412.0,,,,,8.0,604.0,328.0,8.0,645.0,484.0,0
26,3.0,00:51:25,77140.0,12,14,B,2,推球,,,2.0,1.0,763.0,412.0,,3.0,520.0,266.0,,,,,7.0,727.0,439.0,8.0,648.0,328.0,0
26,4.0,00:51:26,77173.0,12,14,A,2,後場抽平球,,,1.0,3.0,520.0,266.0,,6.0,487.0,489.0,,,,,9.0,556.0,266.0,8.0,657.0,482.0,0
26,5.0,00:51:27,77183.0,12,14,B,2,平球,,1.0,1.0,6.0,487.0,489.0,,5.0,477.0,302.0,,,,,8.0,628.0,492.0,9.0,554.0,266.0,0
26,6.0,00:51:28,77202.0,12,14,A,2,平球,,,1.0,5.0,477.0,302.0,,6.0,456.0,528.0,,,,,8.0,540.0,319.0,8.0,571.0,492.0,0
26,7.0,00:51:28,77210.0,12,14,B,2,勾球,,1.0,1.0,6.0,456.0,528.0,,8.0,729.0,309.0,,,,,8.0,619.0,508.0,8.0,535.0,326.0,0
26,8.0,00:51:29,77230.0,12,14,A,2,推球,,1.0,2.0,8.0,729.0,309.0,,5.0,840.0,588.0,,,,,8.0,681.0,314.0,8.0,592.0,501.0,0
26,9.0,00:51:30,77261.0,12,14,B,2,過度切球,,,2.0,5.0,840.0,588.0,,2.0,792.0,338.0,,,,,8.0,756.0,578.0,8.0,638.0,300.0,0
26,10.0,00:51:31,77283.0,12,14,A,2,放小球,,1.0,1.0,2.0,792.0,338.0,,1.0,804.0,393.0,,,,,6.0,753.0,333.0,8.0,676.0,537.0,0
26,11.0,00:51:32,77304.0,12,14,B,2,挑球,,,2.0,1.0,804.0,393.0,,4.0,768.0,256.0,,,,,1.0,765.0,420.0,7.0,720.0,336.0,0
26,12.0,00:51:33,77345.0,12,14,A,2,切球,1.0,,1.0,4.0,768.0,256.0,,7.0,530.0,429.0,,,,,9.0,722.0,259.0,8.0,696.0,511.0,0
26,13.0,00:51:34,77363.0,12,14,B,2,放小球,,1.0,2.0,7.0,530.0,429.0,,1.0,511.0,338.0,,,,,8.0,544.0,463.0,8.0,712.0,273.0,0
26,14.0,00:51:35,77391.0,12,14,A,2,挑球,,,2.0,1.0,511.0,338.0,,3.0,849.0,621.0,,,,,7.0,540.0,348.0,8.0,576.0,482.0,0
26,15.0,00:51:36,77424.0,12,14,B,2,長球,,,1.0,3.0,849.0,621.0,,4.0,751.0,264.0,,,,,9.0,756.0,614.0,8.0,628.0,316.0,0
26,16.0,00:51:38,77458.0,12,14,A,2,殺球,1.0,,1.0,4.0,751.0,264.0,,6.0,412.0,513.0,,,,,9.0,705.0,261.0,8.0,691.0,528.0,0
26,17.0,00:51:38,77471.0,12,14,B,3,擋小球,,1.0,2.0,6.0,412.0,513.0,2.0,15.0,304.0,494.0,未過網,對手未過網,A,,8.0,691.0,525.0,8.0,715.0,273.0,0
27,1.0,00:52:22,78563.0,12,15,A,1,發短球,,1.0,2.0,,,,,7.0,712.0,434.0,,,,,8.0,626.0,314.0,8.0,696.0,513.0,0
27,2.0,00:52:23,78581.0,12,15,B,2,放小球,,1.0,2.0,7.0,712.0,434.0,,2.0,799.0,352.0,,,,,7.0,720.0,444.0,8.0,621.0,314.0,0
27,3.0,00:52:24,78603.0,12,15,A,2,挑球,,1.0,2.0,2.0,799.0,352.0,,3.0,868.0,595.0,,,,,7.0,741.0,355.0,8.0,708.0,463.0,0
27,4.0,00:52:25,78638.0,12,15,B,2,殺球,,,1.0,3.0,868.0,595.0,,5.0,516.0,288.0,,,,,8.0,782.0,573.0,8.0,648.0,302.0,0
27,5.0,00:52:26,78654.0,12,15,A,2,擋小球,,,2.0,5.0,516.0,288.0,,2.0,475.0,451.0,,,,,8.0,600.0,297.0,5.0,849.0,585.0,0
27,6.0,00:52:27,78676.0,12,15,B,2,挑球,,1.0,2.0,2.0,475.0,451.0,,9.0,705.0,266.0,,,,,8.0,518.0,475.0,8.0,552.0,295.0,0
27,7.0,00:52:28,78709.0,12,15,A,2,點扣,1.0,,1.0,9.0,705.0,266.0,,5.0,811.0,506.0,,,,,9.0,672.0,264.0,8.0,660.0,511.0,0
27,8.0,00:52:28,78722.0,12,15,B,2,防守回抽,,,2.0,5.0,811.0,506.0,,8.0,672.0,307.0,,,,,8.0,717.0,513.0,8.0,684.0,273.0,0
27,9.0,00:52:29,78738.0,12,15,A,2,平球,,,1.0,8.0,672.0,307.0,,5.0,787.0,480.0,,,,,8.0,645.0,300.0,8.0,741.0,504.0,0
27,10.0,00:52:30,78752.0,12,15,B,2,平球,,,1.0,5.0,787.0,480.0,,6.0,763.0,288.0,,,,,8.0,684.0,499.0,7.0,652.0,338.0,0
27,11.0,00:52:30,78765.0,12,15,A,2,防守回抽,,1.0,1.0,6.0,763.0,288.0,,8.0,686.0,482.0,,,,,8.0,648.0,309.0,8.0,741.0,494.0,0
27,12.0,00:52:30,78774.0,12,15,B,2,擋小球,,1.0,1.0,8.0,686.0,482.0,,6.0,765.0,324.0,,,,,8.0,722.0,506.0,8.0,717.0,316.0,0
27,13.0,00:52:31,78793.0,12,15,A,2,推球,,1.0,2.0,6.0,765.0,324.0,,9.0,499.0,592.0,,,,,8.0,712.0,326.0,8.0,688.0,484.0,0
27,14.0,00:52:33,78825.0,12,15,B,2,切球,1.0,,1.0,9.0,499.0,592.0,,6.0,768.0,324.0,,,,,8.0,544.0,583.0,8.0,600.0,309.0,0
27,15.0,00:52:33,78846.0,12,15,A,2,放小球,,1.0,2.0,6.0,768.0,324.0,,1.0,796.0,420.0,,,,,8.0,717.0,324.0,8.0,568.0,561.0,0
27,16.0,00:52:34,78870.0,12,15,B,2,挑球,,,2.0,1.0,796.0,420.0,,4.0,744.0,259.0,,,,,7.0,763.0,444.0,8.0,705.0,314.0,0
27,17.0,00:52:36,78902.0,12,15,A,2,點扣,1.0,,1.0,4.0,744.0,259.0,,8.0,765.0,504.0,,,,,8.0,705.0,273.0,8.0,693.0,499.0,0
27,18.0,00:52:36,78915.0,12,15,B,2,勾球,,,1.0,8.0,765.0,504.0,,7.0,528.0,345.0,,,,,8.0,732.0,511.0,9.0,715.0,264.0,0
27,19.0,00:52:37,78939.0,12,15,A,2,推球,,,2.0,7.0,528.0,345.0,,3.0,804.0,604.0,,,,,8.0,561.0,328.0,8.0,657.0,513.0,0
27,20.0,00:52:38,78965.0,12,15,B,2,殺球,,,1.0,3.0,804.0,604.0,,6.0,763.0,285.0,,,,,9.0,741.0,592.0,8.0,616.0,316.0,0
27,21.0,00:52:39,78979.0,12,15,A,2,擋小球,,1.0,2.0,6.0,763.0,285.0,,1.0,806.0,408.0,,,,,8.0,604.0,290.0,5.0,832.0,590.0,0
27,22.0,00:52:40,79002.0,12,15,B,3,撲球,,,1.0,1.0,806.0,408.0,2.0,5.0,504.0,285.0,對手落地致勝,落地致勝,B,,8.0,756.0,470.0,8.0,715.0,304.0,0
28,1.0,00:53:19,79997.0,13,15,B,1,發短球,,1.0,2.0,,,,,8.0,648.0,331.0,,,,,8.0,619.0,492.0,8.0,691.0,302.0,0
28,2.0,00:53:20,80014.0,13,15,A,2,放小球,,,2.0,8.0,648.0,331.0,,7.0,657.0,434.0,,,,,8.0,688.0,328.0,8.0,640.0,480.0,0
28,3.0,00:53:21,80032.0,13,15,B,2,勾球,,1.0,2.0,7.0,657.0,434.0,,6.0,789.0,331.0,,,,,7.0,691.0,446.0,8.0,655.0,331.0,0
28,4.0,00:53:22,80054.0,13,15,A,2,放小球,,1.0,2.0,6.0,789.0,331.0,,1.0,820.0,410.0,,,,,7.0,736.0,343.0,8.0,688.0,477.0,0
28,5.0,00:53:23,80077.0,13,15,B,2,挑球,,,2.0,1.0,820.0,410.0,,8.0,547.0,273.0,,,,,1.0,780.0,446.0,8.0,705.0,331.0,0
28,6.0,00:53:24,80115.0,13,15,A,2,後場抽平球,,,1.0,8.0,547.0,273.0,,6.0,477.0,511.0,,,,,9.0,578.0,264.0,8.0,657.0,496.0,0
28,7.0,00:53:25,80127.0,13,15,B,2,勾球,,1.0,1.0,6.0,477.0,511.0,,8.0,712.0,324.0,,,,,8.0,650.0,499.0,9.0,576.0,271.0,0
28,8.0,00:53:25,80149.0,13,15,A,2,擋小球,,1.0,1.0,8.0,712.0,324.0,,7.0,604.0,422.0,,,,,8.0,681.0,324.0,8.0,628.0,499.0,0
28,9.0,00:53:26,80168.0,13,15,B,3,放小球,,,2.0,7.0,604.0,422.0,2.0,7.0,592.0,391.0,掛網,對手掛網,A,,7.0,607.0,448.0,8.0,645.0,319.0,0
29,1.0,00:53:50,80762.0,14,15,A,1,發短球,,1.0,2.0,,,,,7.0,592.0,446.0,,,,,8.0,638.0,321.0,8.0,528.0,511.0,0
29,2.0,00:53:51,80779.0,14,15,B,2,推球,,1.0,2.0,7.0,592.0,446.0,,4.0,751.0,256.0,,,,,8.0,636.0,468.0,8.0,621.0,319.0,0
29,3.0,00:53:52,80813.0,14,15,A,2,過度切球,1.0,,1.0,4.0,751.0,256.0,,7.0,602.0,446.0,,,,,8.0,660.0,276.0,8.0,686.0,516.0,0
29,4.0,00:53:53,80833.0,14,15,B,2,推球,,1.0,2.0,7.0,602.0,446.0,,4.0,736.0,259.0,,,,,8.0,648.0,468.0,8.0,674.0,278.0,0
29,5.0,00:53:54,80859.0,14,15,A,2,點扣,1.0,,1.0,4.0,736.0,259.0,,6.0,453.0,518.0,,,,,8.0,674.0,278.0,8.0,703.0,532.0,0
29,6.0,00:53:55,80875.0,14,15,B,2,擋小球,,1.0,2.0,6.0,453.0,518.0,,1.0,511.0,352.0,,,,,8.0,700.0,525.0,8.0,686.0,278.0,0
29,7.0,00:53:55,80899.0,14,15,A,2,放小球,,,2.0,1.0,511.0,352.0,,2.0,468.0,417.0,,,,,7.0,537.0,343.0,8.0,544.0,484.0,0
29,8.0,00:53:56,80916.0,14,15,B,2,挑球,,1.0,2.0,2.0,468.0,417.0,,9.0,640.0,264.0,,,,,7.0,516.0,424.0,7.0,532.0,345.0,0
29,9.0,00:53:58,80952.0,14,15,A,2,後場抽平球,,1.0,1.0,9.0,640.0,264.0,,8.0,696.0,506.0,,,,,9.0,631.0,271.0,8.0,650.0,499.0,0
29,10.0,00:53:58,80968.0,14,15,B,2,小平球,,,2.0,8.0,696.0,506.0,,6.0,763.0,324.0,,,,,8.0,669.0,504.0,8.0,609.0,292.0,0
29,11.0,00:53:59,80989.0,14,15,A,2,小平球,,1.0,2.0,6.0,763.0,324.0,,1.0,844.0,456.0,,,,,8.0,710.0,324.0,8.0,681.0,499.0,0
29,12.0,00:54:00,81010.0,14,15,B,2,小平球,,,2.0,1.0,844.0,456.0,,2.0,794.0,336.0,,,,,7.0,756.0,453.0,8.0,674.0,316.0,0
29,13.0,00:54:01,81030.0,14,15,A,2,推球,,1.0,2.0,2.0,794.0,336.0,,3.0,832.0,614.0,,,,,7.0,732.0,343.0,8.0,722.0,472.0,0
29,14.0,00:54:02,81059.0,14,15,B,2,長球,,,1.0,3.0,832.0,614.0,,9.0,552.0,266.0,,,,,9.0,780.0,604.0,8.0,652.0,314.0,0
29,15.0,00:54:03,81090.0,14,15,A,2,點扣,,,1.0,9.0,552.0,266.0,,6.0,434.0,492.0,,,,,9.0,583.0,266.0,8.0,652.0,540.0,0
29,16.0,00:54:04,81107.0,14,15,B,2,擋小球,,1.0,2.0,6.0,434.0,492.0,,1.0,472.0,343.0,,,,,8.0,504.0,496.0,8.0,590.0,273.0,0
29,17.0,00:54:05,81133.0,14,15,A,2,推球,,,2.0,1.0,472.0,343.0,,3.0,883.0,600.0,,,,,1.0,513.0,338.0,8.0,566.0,475.0,0
29,18.0,00:54:06,81166.0,14,15,B,2,長球,,,1.0,3.0,883.0,600.0,,9.0,696.0,261.0,,,,,3.0,808.0,604.0,8.0,626.0,333.0,0
29,19.0,00:54:07,81197.0,14,15,A,3,殺球,1.0,,1.0,9.0,696.0,261.0,,5.0,861.0,549.0,對手落地致勝,落地致勝,A,,9.0,686.0,264.0,5.0,864.0,547.0,0
30,1.0,00:55:05,82643.0,15,15,A,1,未知球種,,,2.0,,,,,,,,,,,1.0,,,,,,,0
31,1.0,00:55:48,83720.0,16,15,A,1,發長球,,1.0,2.0,,,,,8.0,499.0,535.0,,,,,8.0,633.0,312.0,8.0,518.0,504.0,0
31,2.0,00:55:49,83746.0,16,15,B,2,長球,1.0,,1.0,8.0,499.0,535.0,,9.0,705.0,264.0,,,,,8.0,559.0,511.0,8.0,607.0,314.0,0
31,3.0,00:55:50,83774.0,16,15,A,3,殺球,1.0,,1.0,9.0,705.0,264.0,,2.0,501.0,456.0,對手落地致勝,落地致勝,A,,9.0,676.0,271.0,8.0,674.0,530.0,0
32,1.0,00:56:19,84475.0,16,16,A,1,發短球,,1.0,2.0,,,,,7.0,708.0,439.0,,,,,8.0,619.0,316.0,8.0,698.0,504.0,0
32,2.0,00:56:19,84492.0,16,16,B,2,放小球,,1.0,2.0,7.0,708.0,439.0,,2.0,796.0,343.0,,,,,7.0,724.0,451.0,8.0,626.0,316.0,0
32,3.0,00:56:20,84514.0,16,16,A,2,放小球,,1.0,2.0,2.0,796.0,343.0,,1.0,811.0,398.0,,,,,7.0,736.0,338.0,7.0,712.0,456.0,0
32,4.0,00:56:21,84537.0,16,16,B,2,挑球,,,2.0,1.0,811.0,398.0,,9.0,688.0,266.0,,,,,1.0,782.0,432.0,7.0,712.0,343.0,0
32,5.0,00:56:23,84580.0,16,16,A,2,殺球,,,1.0,9.0,688.0,266.0,,5.0,823.0,537.0,,,,,9.0,684.0,264.0,8.0,688.0,518.0,0
32,6.0,00:56:23,84594.0,16,16,B,2,擋小球,,,2.0,5.0,823.0,537.0,,7.0,744.0,343.0,,,,,8.0,712.0,540.0,8.0,676.0,273.0,0
32,7.0,00:56:24,84615.0,16,16,A,2,放小球,,1.0,2.0,7.0,744.0,343.0,,7.0,691.0,412.0,,,,,8.0,705.0,328.0,8.0,708.0,489.0,0
32,8.0,00:56:25,84634.0,16,16,B,2,放小球,,,2.0,7.0,691.0,412.0,,7.0,636.0,362.0,,,,,7.0,669.0,448.0,8.0,657.0,328.0,0
32,9.0,00:56:26,84651.0,16,16,A,2,挑球,,1.0,2.0,7.0,636.0,362.0,,3.0,801.0,592.0,,,,,7.0,612.0,345.0,7.0,662.0,444.0,0
32,10.0,00:56:27,84682.0,16,16,B,2,殺球,,,1.0,3.0,801.0,592.0,,6.0,746.0,285.0,,,,,8.0,724.0,583.0,8.0,628.0,307.0,0
32,11.0,00:56:27,84695.0,16,16,A,2,擋小球,,1.0,2.0,6.0,746.0,285.0,,7.0,696.0,441.0,,,,,8.0,612.0,290.0,3.0,866.0,595.0,0
32,12.0,00:56:28,84718.0,16,16,B,2,放小球,,1.0,2.0,7.0,696.0,441.0,,2.0,780.0,345.0,,,,,8.0,724.0,468.0,8.0,657.0,302.0,0
32,13.0,00:56:29,84741.0,16,16,A,2,放小球,,1.0,2.0,2.0,780.0,345.0,,1.0,811.0,415.0,,,,,7.0,729.0,345.0,8.0,696.0,475.0,0
32,14.0,00:56:30,84762.0,16,16,B,2,放小球,,,2.0,1.0,811.0,415.0,,2.0,787.0,364.0,,,,,1.0,772.0,424.0,7.0,696.0,338.0,0
32,15.0,00:56:31,84776.0,16,16,A,3,撲球,,1.0,1.0,2.0,787.0,364.0,,2.0,835.0,384.0,掛網,對手掛網,B,,7.0,712.0,352.0,1.0,775.0,441.0,0
33,1.0,00:57:09,85729.0,17,16,B,1,發短球,,1.0,2.0,,,,,1.0,504.0,336.0,,,,,8.0,638.0,475.0,8.0,578.0,300.0,0
33,2.0,00:57:10,85753.0,17,16,A,2,放小球,,,2.0,1.0,504.0,336.0,,2.0,468.0,427.0,,,,,7.0,549.0,336.0,8.0,631.0,489.0,0
33,3.0,00:57:11,85775.0,17,16,B,2,放小球,,1.0,2.0,2.0,468.0,427.0,,1.0,472.0,360.0,,,,,2.0,496.0,434.0,8.0,571.0,326.0,0
33,4.0,00:57:11,85794.0,17,16,A,2,挑球,,,2.0,1.0,472.0,360.0,,3.0,804.0,607.0,,,,,1.0,516.0,343.0,7.0,528.0,451.0,0
33,5.0,00:57:13,85825.0,17,16,B,2,後場抽平球,,,1.0,3.0,804.0,607.0,,6.0,741.0,288.0,,,,,9.0,732.0,597.0,8.0,616.0,314.0,0
33,6.0,00:57:13,85841.0,17,16,A,2,擋小球,,1.0,1.0,6.0,741.0,288.0,,7.0,688.0,448.0,,,,,8.0,631.0,302.0,8.0,729.0,576.0,0
33,7.0,00:57:14,85857.0,17,16,B,2,放小球,,1.0,2.0,7.0,688.0,448.0,,2.0,758.0,345.0,,,,,7.0,705.0,453.0,8.0,650.0,309.0,0
33,8.0,00:57:15,85876.0,17,16,A,2,推球,,1.0,2.0,2.0,758.0,345.0,,9.0,484.0,597.0,,,,,7.0,720.0,343.0,8.0,710.0,465.0,0
33,9.0,00:57:16,85913.0,17,16,B,2,過度切球,,1.0,1.0,9.0,484.0,597.0,,5.0,484.0,316.0,,,,,9.0,540.0,616.0,8.0,600.0,316.0,0
33,10.0,00:57:17,85925.0,17,16,A,2,放小球,,,1.0,5.0,484.0,316.0,,2.0,451.0,432.0,,,,,8.0,549.0,321.0,8.0,592.0,554.0,0
33,11.0,00:57:17,85944.0,17,16,B,2,放小球,,1.0,2.0,2.0,451.0,432.0,,1.0,475.0,360.0,,,,,6.0,487.0,463.0,8.0,549.0,328.0,0
33,12.0,00:57:18,85960.0,17,16,A,3,撲球,,,1.0,1.0,475.0,360.0,,7.0,652.0,420.0,對手落地致勝,落地致勝,A,,1.0,511.0,352.0,8.0,504.0,460.0,0
34,1.0,00:57:45,86647.0,17,17,A,1,發短球,,1.0,2.0,,,,,7.0,592.0,434.0,,,,,8.0,640.0,316.0,8.0,518.0,494.0,0
34,2.0,00:57:46,86660.0,17,17,B,2,放小球,,1.0,2.0,7.0,592.0,434.0,,2.0,760.0,338.0,,,,,7.0,616.0,446.0,8.0,624.0,316.0,0
34,3.0,00:57:47,86680.0,17,17,A,2,推球,,1.0,2.0,2.0,760.0,338.0,,4.0,444.0,597.0,,,,,7.0,715.0,345.0,8.0,672.0,463.0,0
34,4.0,00:57:48,86708.0,17,17,B,2,殺球,1.0,,1.0,4.0,444.0,597.0,,8.0,602.0,288.0,,,,,8.0,564.0,583.0,8.0,616.0,316.0,0
34,5.0,00:57:48,86720.0,17,17,A,2,擋小球,,1.0,2.0,8.0,602.0,288.0,,2.0,480.0,432.0,,,,,8.0,578.0,288.0,9.0,518.0,597.0,0
34,6.0,00:57:49,86741.0,17,17,B,2,勾球,,1.0,2.0,2.0,480.0,432.0,,7.0,724.0,336.0,,,,,8.0,520.0,470.0,8.0,576.0,280.0,0
34,7.0,00:57:50,86760.0,17,17,A,2,放小球,,1.0,2.0,7.0,724.0,336.0,,7.0,732.0,403.0,,,,,8.0,688.0,333.0,8.0,595.0,489.0,0
34,8.0,00:57:51,86780.0,17,17,B,2,挑球,,,2.0,7.0,732.0,403.0,,9.0,681.0,264.0,,,,,7.0,705.0,427.0,7.0,667.0,336.0,0
34,9.0,00:57:52,86822.0,17,17,A,2,殺球,1.0,,1.0,9.0,681.0,264.0,,6.0,434.0,518.0,,,,,9.0,672.0,261.0,8.0,681.0,523.0,0
34,10.0,00:57:53,86834.0,17,17,B,2,擋小球,,1.0,2.0,6.0,434.0,518.0,,7.0,580.0,340.0,,,,,8.0,703.0,532.0,8.0,657.0,273.0,0
34,11.0,00:57:54,86858.0,17,17,A,2,放小球,,1.0,2.0,7.0,580.0,340.0,,7.0,592.0,420.0,,,,,8.0,564.0,331.0,6.0,453.0,496.0,0
34,12.0,00:57:55,86879.0,17,17,B,2,挑球,,1.0,2.0,7.0,592.0,420.0,,9.0,710.0,256.0,,,,,7.0,614.0,424.0,7.0,566.0,357.0,0
34,13.0,00:57:56,86922.0,17,17,A,2,殺球,1.0,,1.0,9.0,710.0,256.0,,5.0,820.0,528.0,,,,,9.0,698.0,264.0,8.0,672.0,525.0,0
34,14.0,00:57:57,86935.0,17,17,B,2,擋小球,,,2.0,5.0,820.0,528.0,,7.0,732.0,336.0,,,,,8.0,715.0,532.0,8.0,696.0,278.0,0
34,15.0,00:57:58,86956.0,17,17,A,2,放小球,,1.0,2.0,7.0,732.0,336.0,,1.0,813.0,412.0,,,,,8.0,703.0,331.0,8.0,679.0,484.0,0
34,16.0,00:57:59,86984.0,17,17,B,2,挑球,,,2.0,1.0,813.0,412.0,,9.0,595.0,271.0,,,,,1.0,770.0,439.0,8.0,688.0,326.0,0
34,17.0,00:58:00,87020.0,17,17,A,2,切球,,,1.0,9.0,595.0,271.0,,6.0,499.0,465.0,,,,,9.0,614.0,264.0,8.0,688.0,496.0,0
34,18.0,00:58:01,87034.0,17,17,B,2,放小球,,1.0,2.0,6.0,499.0,465.0,,1.0,499.0,343.0,,,,,8.0,559.0,489.0,9.0,621.0,271.0,0
34,19.0,00:58:02,87056.0,17,17,A,2,放小球,,,2.0,1.0,499.0,343.0,,2.0,460.0,408.0,,,,,8.0,532.0,331.0,8.0,571.0,499.0,0
34,20.0,00:58:03,87075.0,17,17,B,2,放小球,,1.0,2.0,2.0,460.0,408.0,,1.0,475.0,352.0,,,,,8.0,508.0,460.0,8.0,549.0,321.0,0
34,21.0,00:58:04,87101.0,17,17,A,2,挑球,,,2.0,1.0,475.0,352.0,,9.0,796.0,628.0,,,,,1.0,506.0,350.0,7.0,528.0,446.0,0
34,22.0,00:58:05,87143.0,17,17,B,2,切球,,,1.0,9.0,796.0,628.0,,2.0,772.0,338.0,,,,,9.0,708.0,628.0,8.0,624.0,321.0,0
34,23.0,00:58:06,87167.0,17,17,A,2,放小球,,1.0,2.0,2.0,772.0,338.0,,1.0,784.0,410.0,,,,,8.0,741.0,331.0,8.0,686.0,525.0,0
34,24.0,00:58:07,87187.0,17,17,B,2,放小球,,,2.0,1.0,784.0,410.0,,2.0,801.0,360.0,,,,,7.0,756.0,427.0,8.0,688.0,328.0,0
34,25.0,00:58:08,87200.0,17,17,A,2,放小球,,1.0,1.0,2.0,801.0,360.0,,1.0,792.0,398.0,,,,,7.0,700.0,345.0,7.0,758.0,420.0,0
34,26.0,00:58:08,87221.0,17,17,B,3,勾球,,,2.0,1.0,792.0,398.0,2.0,1.0,511.0,367.0,對手落地致勝,落地致勝,B,,1.0,777.0,448.0,7.0,724.0,350.0,0
35,1.0,00:59:22,89069.0,18,17,B,1,發短球,,1.0,2.0,,,,,7.0,681.0,338.0,,,,,8.0,619.0,489.0,8.0,684.0,300.0,0
35,2.0,00:59:23,89086.0,18,17,A,2,放小球,,,2.0,7.0,681.0,338.0,,1.0,777.0,412.0,,,,,8.0,679.0,326.0,8.0,660.0,463.0,0
35,3.0,00:59:24,89102.0,18,17,B,2,放小球,,,2.0,1.0,777.0,412.0,,7.0,700.0,338.0,,,,,1.0,765.0,432.0,8.0,691.0,328.0,0
35,4.0,00:59:24,89121.0,18,17,A,2,放小球,,1.0,2.0,7.0,700.0,338.0,,7.0,715.0,410.0,,,,,7.0,660.0,338.0,8.0,708.0,460.0,0
35,5.0,00:59:25,89139.0,18,17,B,2,放小球,,,2.0,7.0,715.0,410.0,,7.0,640.0,360.0,,,,,7.0,684.0,434.0,7.0,650.0,336.0,0
35,6.0,00:59:26,89160.0,18,17,A,2,勾球,,,2.0,7.0,640.0,360.0,,1.0,794.0,412.0,,,,,8.0,640.0,333.0,7.0,660.0,436.0,0
35,7.0,00:59:27,89186.0,18,17,B,2,挑球,,,2.0,1.0,794.0,412.0,,3.0,508.0,264.0,,,,,7.0,751.0,432.0,7.0,662.0,336.0,0
35,8.0,00:59:28,89222.0,18,17,A,2,後場抽平球,,,1.0,3.0,508.0,264.0,,6.0,453.0,513.0,,,,,9.0,549.0,271.0,8.0,648.0,492.0,0
35,9.0,00:59:29,89236.0,18,17,B,3,平球,,1.0,1.0,6.0,453.0,513.0,2.0,7.0,544.0,400.0,掛網,對手掛網,A,,8.0,640.0,511.0,9.0,554.0,264.0,0
36,1.0,00:59:58,89954.0,19,17,A,1,發短球,,1.0,2.0,,,,,7.0,672.0,410.0,,,,,8.0,621.0,309.0,8.0,703.0,511.0,0
36,2.0,00:59:58,89967.0,19,17,B,2,放小球,,,2.0,7.0,672.0,410.0,,7.0,595.0,362.0,,,,,7.0,676.0,432.0,8.0,621.0,314.0,0
36,3.0,00:59:59,89986.0,19,17,A,2,挑球,,,2.0,7.0,595.0,362.0,,8.0,780.0,590.0,,,,,7.0,612.0,355.0,7.0,648.0,434.0,0
36,4.0,01:00:01,90026.0,19,17,B,2,切球,,,1.0,8.0,780.0,590.0,,5.0,516.0,331.0,,,,,8.0,748.0,583.0,8.0,633.0,314.0,0
36,5.0,01:00:01,90048.0,19,17,A,2,放小球,,,2.0,5.0,516.0,331.0,,2.0,468.0,410.0,,,,,8.0,547.0,333.0,8.0,708.0,556.0,0
36,6.0,01:00:02,90070.0,19,17,B,2,推球,,1.0,2.0,2.0,468.0,410.0,,4.0,744.0,261.0,,,,,2.0,496.0,424.0,8.0,552.0,328.0,0
36,7.0,01:00:04,90107.0,19,17,A,2,殺球,1.0,,1.0,4.0,744.0,261.0,,8.0,633.0,499.0,,,,,9.0,686.0,268.0,8.0,640.0,484.0,0
36,8.0,01:00:04,90119.0,19,17,B,2,防守回抽,,1.0,2.0,8.0,633.0,499.0,,8.0,696.0,295.0,,,,,8.0,720.0,511.0,9.0,708.0,264.0,0
36,9.0,01:00:05,90135.0,19,17,A,2,擋小球,,1.0,1.0,8.0,696.0,295.0,,7.0,667.0,436.0,,,,,8.0,652.0,300.0,8.0,679.0,489.0,0
36,10.0,01:00:06,90152.0,19,17,B,2,放小球,,1.0,2.0,7.0,667.0,436.0,,2.0,765.0,345.0,,,,,8.0,708.0,463.0,8.0,638.0,314.0,0
36,11.0,01:00:06,90171.0,19,17,A,2,放小球,,1.0,2.0,2.0,765.0,345.0,,1.0,804.0,393.0,,,,,7.0,724.0,338.0,8.0,700.0,468.0,0
36,12.0,01:00:07,90192.0,19,17,B,2,挑球,,,2.0,1.0,804.0,393.0,,4.0,751.0,256.0,,,,,1.0,804.0,420.0,7.0,703.0,336.0,0
36,13.0,01:00:09,90228.0,19,17,A,2,殺球,1.0,,1.0,4.0,751.0,256.0,,8.0,600.0,484.0,,,,,9.0,700.0,259.0,8.0,696.0,513.0,0
36,14.0,01:00:09,90240.0,19,17,B,2,擋小球,,1.0,2.0,8.0,600.0,484.0,,7.0,660.0,343.0,,,,,8.0,720.0,523.0,8.0,698.0,280.0,0
36,15.0,01:00:10,90260.0,19,17,A,3,推球,,,1.0,7.0,660.0,343.0,,3.0,871.0,633.0,對手落地致勝,落地致勝,A,,8.0,672.0,326.0,8.0,667.0,494.0,0
37,1.0,01:00:47,91182.0,20,17,A,1,發短球,,1.0,2.0,,,,,7.0,602.0,427.0,,,,,8.0,640.0,324.0,8.0,513.0,513.0,0
37,2.0,01:00:47,91196.0,20,17,B,2,放小球,,1.0,2.0,7.0,602.0,427.0,,2.0,751.0,352.0,,,,,7.0,640.0,453.0,8.0,619.0,314.0,0
37,3.0,01:00:48,91216.0,20,17,A,2,放小球,,1.0,2.0,2.0,751.0,352.0,,1.0,796.0,403.0,,,,,7.0,698.0,345.0,7.0,688.0,444.0,0
37,4.0,01:00:49,91239.0,20,17,B,3,挑球,,,2.0,1.0,796.0,403.0,2.0,2.0,760.0,388.0,掛網,對手掛網,A,,1.0,777.0,439.0,7.0,684.0,340.0,0
38,1.0,01:01:17,91946.0,21,17,A,1,發短球,,1.0,2.0,,,,,7.0,693.0,432.0,,,,,8.0,624.0,321.0,8.0,703.0,506.0,0
38,2.0,01:01:18,91962.0,21,17,B,2,放小球,,,2.0,7.0,693.0,432.0,,1.0,518.0,345.0,,,,,7.0,693.0,441.0,8.0,624.0,314.0,0
38,3.0,01:01:19,91983.0,21,17,A,2,挑球,,,2.0,1.0,518.0,345.0,,8.0,789.0,590.0,,,,,7.0,559.0,352.0,8.0,621.0,468.0,0
38,4.0,01:01:20,92013.0,21,17,B,2,點扣,,,1.0,8.0,789.0,590.0,,6.0,758.0,285.0,,,,,9.0,751.0,592.0,8.0,626.0,312.0,0
38,5.0,01:01:21,92027.0,21,17,A,2,擋小球,,1.0,2.0,6.0,758.0,285.0,,1.0,796.0,446.0,,,,,8.0,667.0,307.0,3.0,799.0,595.0,0
38,6.0,01:01:21,92047.0,21,17,B,2,推球,,,2.0,1.0,796.0,446.0,,6.0,763.0,285.0,,,,,7.0,751.0,451.0,8.0,684.0,312.0,0
38,7.0,01:01:22,92060.0,21,17,A,2,防守回抽,1.0,,1.0,6.0,763.0,285.0,,5.0,784.0,480.0,,,,,8.0,657.0,307.0,8.0,741.0,460.0,0
38,8.0,01:01:22,92068.0,21,17,B,2,防守回抽,,,1.0,5.0,784.0,480.0,,8.0,698.0,292.0,,,,,8.0,744.0,484.0,8.0,667.0,295.0,0
38,9.0,01:01:23,92080.0,21,17,A,2,平球,,1.0,1.0,8.0,698.0,292.0,,8.0,686.0,496.0,,,,,8.0,648.0,295.0,8.0,732.0,506.0,0
38,10.0,01:01:23,92090.0,21,17,B,3,平球,,1.0,2.0,8.0,686.0,496.0,2.0,1.0,825.0,408.0,未過網,對手未過網,A,,8.0,724.0,501.0,8.0,650.0,321.0,0
